"Date","Price","Open","High","Low","Vol.","Change %"
"Jan 31, 2022","2,003.20","2,004.29","2,009.39","1,992.66","2.31B","1.01%"
"Jan 28, 2022","1,983.18","2,006.79","2,019.43","1,976.68","2.83B","-0.73%"
"Jan 27, 2022","1,997.69","1,920.21","1,997.69","1,913.54","2.54B","2.38%"
"Jan 26, 2022","1,951.17","1,951.17","1,975.25","1,945.97","2.14B","0.31%"
"Jan 25, 2022","1,945.07","1,927.82","1,953.33","1,880.18","2.65B","1.82%"
"Jan 24, 2022","1,910.29","2,004.87","2,013.10","1,910.29","4.24B","-5.02%"
"Jan 21, 2022","2,011.16","2,008.05","2,021.14","1,986.53","3.15B","-0.15%"
"Jan 20, 2022","2,014.21","2,056.21","2,065.84","1,984.43","5.45B","-1.36%"
"Jan 19, 2022","2,042.08","1,978.78","2,043.99","1,959.40","4.92B","3.14%"
"Jan 18, 2022","1,979.83","2,082.81","2,086.27","1,979.83","4.15B","-5.08%"
"Jan 17, 2022","2,085.76","2,088.53","2,102.97","2,083.55","3.85B","0.62%"
"Jan 14, 2022","2,072.93","2,071.35","2,081.07","2,049.32","3.21B","0.11%"
"Jan 13, 2022","2,070.65","2,057.47","2,086.96","2,054.48","3.40B","0.31%"
"Jan 12, 2022","2,064.21","2,070.35","2,074.76","2,055.66","3.25B","0.89%"
"Jan 11, 2022","2,046.03","2,060.08","2,068.17","2,017.99","3.87B","0.04%"
"Jan 10, 2022","2,045.16","2,049.54","2,071.81","2,045.16","3.14B","0.58%"
"Jan 07, 2022","2,033.32","2,020.27","2,036.08","1,994.45","3.50B","1.28%"
"Jan 06, 2022","2,007.55","1,993.06","2,021.77","1,977.66","2.93B","0.11%"
"Jan 05, 2022","2,005.29","1,965.52","2,006.79","1,954.74","2.39B","2.12%"
"Jan 04, 2022","1,963.59","1,941.26","1,978.12","1,925.22","3.09B","1.92%"
"Jan 03, 2022","1,926.66","1,871.25","1,926.66","1,864.79","2.29B","3.71%"
"Dec 31, 2021","1,857.65","1,867.71","1,885.23","1,845.59","1.59B","-0.32%"
"Dec 30, 2021","1,863.65","1,895.46","1,923.56","1,860.92","2.34B","-1.68%"
"Dec 29, 2021","1,895.46","1,850.48","1,901.33","1,828.60","2.57B","2.43%"
"Dec 28, 2021","1,850.48","1,913.31","1,916.17","1,830.87","2.58B","-2.46%"
"Dec 27, 2021","1,897.13","1,898.66","1,942.53","1,873.30","3.01B","0.31%"
"Dec 24, 2021","1,891.28","1,820.67","1,891.28","1,808.93","2.53B","4.76%"
"Dec 23, 2021","1,805.30","1,835.33","1,849.33","1,726.32","3.81B","0.06%"
"Dec 22, 2021","1,804.15","1,832.54","1,895.54","1,783.77","4.58B","-4.64%"
"Dec 21, 2021","1,892.02","2,077.22","2,103.56","1,884.66","4.37B","-7.99%"
"Dec 20, 2021","2,056.36","2,055.37","2,149.40","1,914.02","5.04B","-1.35%"
"Dec 17, 2021","2,084.47","2,324.28","2,406.87","2,071.25","8.28B","-8.52%"
"Dec 16, 2021","2,278.55","2,183.19","2,278.55","2,175.50","5.94B","5.38%"
"Dec 15, 2021","2,162.26","2,190.61","2,195.07","2,145.63","5.56B","0.21%"
"Dec 14, 2021","2,157.74","2,124.06","2,157.74","2,124.06","6.27B","2.68%"
"Dec 13, 2021","2,101.51","2,047.64","2,115.89","2,047.64","4.77B","3.24%"
"Dec 10, 2021","2,035.48","2,033.62","2,042.93","2,000.59","4.36B","0.20%"
"Dec 09, 2021","2,031.44","2,010.20","2,053.47","2,010.20","4.97B","1.34%"
"Dec 08, 2021","2,004.55","1,990.03","2,012.26","1,977.85","5.53B","1.19%"
"Dec 07, 2021","1,981.04","1,944.56","1,984.03","1,942.50","4.35B","2.78%"
"Dec 06, 2021","1,927.39","1,917.32","1,928.14","1,898.62","3.72B","0.89%"
"Dec 03, 2021","1,910.41","1,896.82","1,914.13","1,893.67","3.68B","1.61%"
"Dec 02, 2021","1,880.06","1,864.14","1,882.61","1,864.14","3.63B","1.22%"
"Dec 01, 2021","1,857.40","1,823.06","1,857.83","1,823.06","3.83B","2.64%"
"Nov 30, 2021","1,809.65","1,807.52","1,818.79","1,797.16","3.36B","0.05%"
"Nov 29, 2021","1,808.79","1,783.06","1,811.87","1,776.77","3.04B","1.82%"
"Nov 26, 2021","1,776.41","1,811.07","1,811.07","1,760.80","3.83B","-2.35%"
"Nov 25, 2021","1,819.23","1,816.38","1,833.76","1,805.97","3.40B","0.38%"
"Nov 24, 2021","1,812.30","1,798.96","1,834.51","1,798.96","5.03B","1.55%"
"Nov 23, 2021","1,784.56","1,756.71","1,791.82","1,746.36","5.64B","1.66%"
"Nov 22, 2021","1,755.48","1,751.05","1,759.16","1,741.17","2.70B","1.04%"
"Nov 19, 2021","1,737.33","1,748.72","1,759.06","1,727.62","3.62B","0.03%"
"Nov 18, 2021","1,736.88","1,710.05","1,759.19","1,697.86","6.13B","1.75%"
"Nov 17, 2021","1,707.04","1,683.10","1,712.90","1,683.10","3.38B","1.27%"
"Nov 16, 2021","1,685.60","1,715.41","1,725.02","1,681.78","4.89B","-0.99%"
"Nov 15, 2021","1,702.49","1,672.35","1,710.79","1,672.35","4.67B","3.91%"
"Nov 12, 2021","1,638.50","1,631.43","1,642.76","1,631.43","2.83B","0.83%"
"Nov 11, 2021","1,625.06","1,622.02","1,643.82","1,621.49","4.06B","0.06%"
"Nov 10, 2021","1,624.09","1,618.06","1,627.22","1,603.78","3.40B","0.52%"
"Nov 09, 2021","1,615.64","1,612.01","1,631.45","1,605.41","4.44B","0.44%"
"Nov 08, 2021","1,608.54","1,589.43","1,609.07","1,589.23","3.18B","1.58%"
"Nov 05, 2021","1,583.59","1,575.83","1,586.59","1,568.82","3.14B","0.50%"
"Nov 04, 2021","1,575.67","1,562.15","1,577.36","1,562.15","4.00B","1.85%"
"Nov 03, 2021","1,547.03","1,532.93","1,547.03","1,491.67","4.39B","0.91%"
"Nov 02, 2021","1,533.05","1,538.77","1,545.88","1,528.42","2.65B","-0.21%"
"Nov 01, 2021","1,536.32","1,522.28","1,538.52","1,516.24","2.57B","0.94%"
"Oct 28, 2021","1,522.04","1,518.91","1,524.65","1,516.54","1.10B","0.18%"
"Oct 27, 2021","1,519.25","1,507.77","1,520.66","1,503.03","2.93B","0.67%"
"Oct 26, 2021","1,509.20","1,501.17","1,512.74","1,501.17","2.25B","1.09%"
"Oct 25, 2021","1,492.93","1,474.97","1,495.10","1,470.59","3.06B","0.88%"
"Oct 22, 2021","1,479.93","1,456.07","1,484.89","1,453.97","2.71B","1.68%"
"Oct 21, 2021","1,455.42","1,433.29","1,455.42","1,417.21","3.43B","1.58%"
"Oct 20, 2021","1,432.80","1,432.24","1,437.93","1,427.67","2.21B","0.21%"
"Oct 19, 2021","1,429.85","1,423.81","1,434.67","1,423.81","1.91B","0.86%"
"Oct 18, 2021","1,417.70","1,411.38","1,419.22","1,407.87","2.05B","0.58%"
"Oct 15, 2021","1,409.56","1,417.45","1,421.69","1,397.15","2.61B","-0.16%"
"Oct 14, 2021","1,411.75","1,412.17","1,422.44","1,407.88","1.78B","-0.13%"
"Oct 13, 2021","1,413.54","1,421.31","1,432.13","1,408.21","2.56B","-0.23%"
"Oct 12, 2021","1,416.82","1,409.42","1,423.02","1,408.01","2.14B","0.04%"
"Oct 11, 2021","1,416.30","1,401.59","1,419.70","1,401.59","1.70B","1.31%"
"Oct 08, 2021","1,398.00","1,398.04","1,404.60","1,393.56","1.93B","0.08%"
"Oct 07, 2021","1,396.92","1,385.05","1,397.93","1,385.05","2.05B","1.84%"
"Oct 06, 2021","1,371.69","1,390.72","1,392.40","1,371.54","2.27B","-1.43%"
"Oct 05, 2021","1,391.65","1,396.11","1,396.44","1,388.54","1.67B","-0.20%"
"Oct 04, 2021","1,394.37","1,402.73","1,407.84","1,394.37","1.58B","-0.51%"
"Oct 01, 2021","1,401.46","1,398.93","1,407.79","1,394.55","1.53B","-0.35%"
"Sep 30, 2021","1,406.39","1,393.64","1,409.19","1,386.09","2.07B","1.04%"
"Sep 29, 2021","1,391.92","1,392.13","1,396.67","1,389.85","1.72B","0.59%"
"Sep 28, 2021","1,383.77","1,391.44","1,393.38","1,379.13","1.87B","-0.57%"
"Sep 27, 2021","1,391.74","1,393.19","1,397.71","1,380.81","1.68B","0.51%"
"Sep 24, 2021","1,384.68","1,397.36","1,397.36","1,376.01","2.03B","-1.20%"
"Sep 23, 2021","1,401.46","1,409.28","1,417.45","1,394.35","2.68B","-0.43%"
"Sep 22, 2021","1,407.46","1,393.25","1,407.46","1,385.48","1.50B","1.58%"
"Sep 21, 2021","1,385.61","1,400.84","1,403.76","1,383.35","1.70B","-0.45%"
"Sep 20, 2021","1,391.91","1,407.67","1,407.67","1,386.33","1.74B","-1.94%"
"Sep 17, 2021","1,419.43","1,424.04","1,427.07","1,412.23","1.54B","0.10%"
"Sep 16, 2021","1,418.03","1,423.95","1,434.74","1,412.78","1.54B","-0.42%"
"Sep 15, 2021","1,423.97","1,433.86","1,440.90","1,420.38","1.61B","-0.73%"
"Sep 14, 2021","1,434.43","1,440.67","1,443.50","1,428.96","1.74B","-0.27%"
"Sep 13, 2021","1,438.28","1,439.75","1,447.96","1,433.75","1.60B","-0.03%"
"Sep 10, 2021","1,438.72","1,455.46","1,457.10","1,437.62","1.51B","-0.96%"
"Sep 09, 2021","1,452.67","1,430.98","1,452.67","1,427.77","1.69B","1.31%"
"Sep 08, 2021","1,433.85","1,454.83","1,457.27","1,432.54","1.95B","-1.44%"
"Sep 07, 2021","1,454.74","1,474.21","1,476.33","1,454.74","1.85B","-1.35%"
"Sep 06, 2021","1,474.72","1,469.75","1,478.73","1,469.75","1.70B","0.41%"
"Sep 03, 2021","1,468.67","1,480.35","1,482.11","1,464.80","1.77B","-0.71%"
"Sep 02, 2021","1,479.12","1,474.85","1,484.95","1,472.05","1.53B","0.34%"
"Sep 01, 2021","1,474.13","1,475.62","1,478.96","1,468.42","1.66B","0.14%"
"Aug 31, 2021","1,472.07","1,467.18","1,474.47","1,463.01","1.89B","0.95%"
"Aug 27, 2021","1,458.23","1,450.87","1,458.23","1,444.11","1.59B","0.67%"
"Aug 26, 2021","1,448.52","1,456.00","1,463.79","1,445.17","1.71B","-0.33%"
"Aug 25, 2021","1,453.30","1,465.28","1,471.43","1,451.92","1.86B","-0.86%"
"Aug 24, 2021","1,465.89","1,465.18","1,472.46","1,463.91","1.66B","0.45%"
"Aug 23, 2021","1,459.33","1,454.91","1,463.07","1,453.68","1.72B","1.02%"
"Aug 20, 2021","1,444.63","1,439.62","1,449.27","1,432.40","1.63B","0.33%"
"Aug 19, 2021","1,439.86","1,441.38","1,445.74","1,433.85","1.74B","-0.67%"
"Aug 18, 2021","1,449.59","1,465.81","1,467.16","1,448.48","2.13B","-0.83%"
"Aug 17, 2021","1,461.69","1,454.14","1,461.69","1,449.58","1.88B","0.44%"
"Aug 16, 2021","1,455.25","1,451.33","1,461.96","1,451.33","2.05B","0.53%"
"Aug 13, 2021","1,447.64","1,444.82","1,449.25","1,440.09","1.39B","0.22%"
"Aug 12, 2021","1,444.46","1,419.69","1,447.63","1,419.69","2.03B","2.38%"
"Aug 11, 2021","1,410.87","1,438.92","1,439.48","1,409.81","2.14B","-1.85%"
"Aug 10, 2021","1,437.46","1,429.51","1,441.81","1,426.47","1.93B","0.34%"
"Aug 09, 2021","1,432.61","1,436.85","1,443.29","1,431.75","1.85B","-0.15%"
"Aug 06, 2021","1,434.76","1,433.60","1,440.53","1,425.06","1.87B","0.21%"
"Aug 05, 2021","1,431.78","1,409.05","1,431.78","1,407.56","2.07B","1.27%"
"Aug 04, 2021","1,413.80","1,411.90","1,422.34","1,411.90","1.99B","0.35%"
"Aug 03, 2021","1,408.81","1,402.26","1,409.36","1,394.27","2.33B","0.65%"
"Aug 02, 2021","1,399.65","1,397.98","1,405.63","1,394.66","2.22B","0.48%"
"Jul 30, 2021","1,392.91","1,383.25","1,392.91","1,380.02","1.84B","0.09%"
"Jul 29, 2021","1,391.64","1,370.52","1,393.37","1,370.52","1.63B","2.27%"
"Jul 28, 2021","1,360.75","1,358.79","1,367.63","1,355.23","1.41B","0.09%"
"Jul 27, 2021","1,359.55","1,348.08","1,360.50","1,341.93","1.49B","0.77%"
"Jul 26, 2021","1,349.11","1,355.54","1,362.57","1,345.52","1.48B","-0.18%"
"Jul 19, 2021","1,351.59","1,357.93","1,357.93","1,348.39","498.07M","-0.86%"
"Jul 16, 2021","1,363.28","1,370.32","1,373.63","1,356.95","999.35M","-0.29%"
"Jul 14, 2021","1,367.25","1,349.22","1,368.98","1,349.22","1.15B","1.52%"
"Jul 13, 2021","1,346.84","1,358.27","1,360.14","1,341.52","1.38B","-0.75%"
"Jul 12, 2021","1,356.96","1,378.63","1,382.45","1,355.23","1.64B","-1.55%"
"Jul 09, 2021","1,378.28","1,374.44","1,381.74","1,371.53","1.46B","0.39%"
"Jul 08, 2021","1,372.98","1,387.74","1,390.89","1,372.54","1.55B","-1.27%"
"Jul 07, 2021","1,390.58","1,384.57","1,392.84","1,383.97","1.55B","0.58%"
"Jul 06, 2021","1,382.58","1,394.72","1,399.90","1,382.58","1.79B","-0.72%"
"Jul 05, 2021","1,392.64","1,375.97","1,392.64","1,375.72","1.34B","1.16%"
"Jul 02, 2021","1,376.67","1,376.88","1,379.79","1,367.68","1.31B","0.28%"
"Jul 01, 2021","1,372.78","1,358.20","1,372.78","1,358.20","1.35B","1.21%"
"Jun 30, 2021","1,356.34","1,374.94","1,376.71","1,352.23","1.85B","-1.12%"
"Jun 29, 2021","1,371.67","1,371.96","1,374.74","1,351.64","1.95B","-0.12%"
"Jun 28, 2021","1,373.25","1,395.16","1,397.55","1,368.24","2.04B","-1.34%"
"Jun 25, 2021","1,391.86","1,413.99","1,414.88","1,391.69","1.50B","-1.34%"
"Jun 24, 2021","1,410.79","1,405.26","1,416.14","1,405.17","1.77B","0.60%"
"Jun 23, 2021","1,402.35","1,415.44","1,419.77","1,401.32","2.10B","-0.53%"
"Jun 22, 2021","1,409.85","1,402.88","1,411.44","1,394.25","1.75B","0.81%"
"Jun 21, 2021","1,398.52","1,388.20","1,398.52","1,378.34","1.86B","0.54%"
"Jun 18, 2021","1,391.06","1,417.95","1,422.29","1,388.71","2.10B","-1.63%"
"Jun 17, 2021","1,414.15","1,423.00","1,429.23","1,413.58","2.11B","-1.20%"
"Jun 16, 2021","1,431.31","1,441.36","1,444.79","1,431.31","1.74B","-0.78%"
"Jun 15, 2021","1,442.56","1,451.06","1,456.56","1,431.70","2.81B","-0.80%"
"Jun 14, 2021","1,454.25","1,466.57","1,468.95","1,450.67","1.85B","-0.45%"
"Jun 11, 2021","1,460.86","1,461.22","1,464.49","1,455.39","2.23B","0.29%"
"Jun 10, 2021","1,456.68","1,453.24","1,461.97","1,449.64","2.40B","0.52%"
"Jun 09, 2021","1,449.17","1,449.85","1,453.36","1,445.69","2.04B","0.11%"
"Jun 08, 2021","1,447.59","1,447.49","1,453.90","1,443.39","1.95B","0.04%"
"Jun 07, 2021","1,447.08","1,433.96","1,450.55","1,432.64","1.97B","0.99%"
"Jun 04, 2021","1,432.93","1,428.91","1,435.24","1,427.40","1.87B","0.34%"
"Jun 03, 2021","1,428.13","1,434.72","1,441.15","1,411.52","2.64B","-0.18%"
"Jun 02, 2021","1,430.73","1,420.40","1,434.79","1,418.77","2.23B","-0.09%"
"Jun 01, 2021","1,432.04","1,424.47","1,433.55","1,423.00","2.08B","0.81%"
"May 31, 2021","1,420.49","1,423.09","1,427.44","1,414.32","2.04B","-0.11%"
"May 28, 2021","1,422.06","1,413.12","1,422.80","1,401.25","2.10B","0.50%"
"May 27, 2021","1,415.03","1,426.55","1,428.87","1,411.46","2.54B","-0.84%"
"May 26, 2021","1,427.06","1,413.12","1,427.06","1,392.87","2.65B","1.92%"
"May 25, 2021","1,400.22","1,457.48","1,459.26","1,400.22","3.34B","-3.58%"
"May 24, 2021","1,452.18","1,453.69","1,457.77","1,441.70","2.02B","0.02%"
"May 21, 2021","1,451.84","1,456.44","1,462.28","1,449.28","1.97B","0.14%"
"May 20, 2021","1,449.82","1,451.87","1,454.81","1,439.36","2.33B","-0.67%"
"May 18, 2021","1,459.57","1,461.15","1,465.56","1,459.57","2.16B","0.37%"
"May 17, 2021","1,454.25","1,446.96","1,455.48","1,445.61","1.99B","0.90%"
"May 12, 2021","1,441.33","1,441.41","1,444.98","1,437.66","922.31M","-0.25%"
"May 11, 2021","1,444.87","1,447.96","1,455.89","1,438.38","2.48B","-1.10%"
"May 10, 2021","1,460.90","1,448.99","1,462.47","1,447.91","2.49B","1.36%"
"May 07, 2021","1,441.33","1,432.25","1,444.79","1,423.39","4.00B","0.95%"
"May 06, 2021","1,427.73","1,422.56","1,434.72","1,422.56","2.29B","0.54%"
"May 05, 2021","1,420.00","1,419.58","1,425.04","1,409.33","1.79B","0.26%"
"May 04, 2021","1,416.25","1,423.21","1,428.07","1,411.00","2.28B","-0.34%"
"May 03, 2021","1,421.15","1,400.15","1,421.15","1,400.15","1.95B","1.67%"
"Apr 30, 2021","1,397.82","1,399.05","1,405.91","1,396.49","1.84B","-0.26%"
"Apr 29, 2021","1,401.52","1,390.92","1,406.51","1,390.92","1.55B","1.13%"
"Apr 28, 2021","1,385.91","1,391.47","1,394.64","1,379.93","1.69B","-0.44%"
"Apr 27, 2021","1,392.00","1,381.73","1,397.61","1,381.73","1.87B","1.31%"
"Apr 26, 2021","1,374.00","1,343.85","1,374.00","1,343.58","1.95B","2.14%"
"Apr 22, 2021","1,345.15","1,320.16","1,345.50","1,309.23","2.09B","1.10%"
"Apr 21, 2021","1,330.48","1,363.87","1,365.50","1,308.52","2.31B","-2.55%"
"Apr 20, 2021","1,365.27","1,376.37","1,385.88","1,357.26","2.56B","-0.87%"
"Apr 19, 2021","1,377.23","1,409.85","1,416.03","1,377.23","2.49B","-2.20%"
"Apr 16, 2021","1,408.14","1,405.50","1,412.56","1,400.49","2.32B","0.03%"
"Apr 15, 2021","1,407.76","1,409.76","1,418.52","1,398.28","4.19B","-0.10%"
"Apr 14, 2021","1,409.19","1,380.71","1,409.19","1,380.71","2.63B","2.24%"
"Apr 13, 2021","1,378.37","1,380.11","1,386.36","1,352.74","2.86B","0.18%"
"Apr 12, 2021","1,375.91","1,393.47","1,398.12","1,374.67","2.30B","-1.24%"
"Apr 09, 2021","1,393.24","1,413.18","1,414.95","1,373.65","2.87B","-1.65%"
"Apr 08, 2021","1,416.55","1,422.22","1,430.34","1,415.06","2.10B","-0.09%"
"Apr 07, 2021","1,417.89","1,420.94","1,422.48","1,402.36","2.78B","-0.19%"
"Apr 06, 2021","1,420.59","1,442.88","1,445.13","1,419.66","2.65B","-1.49%"
"Apr 05, 2021","1,442.06","1,428.99","1,443.02","1,428.88","2.56B","0.83%"
"Apr 02, 2021","1,430.19","1,434.91","1,438.88","1,423.51","2.19B","0.25%"
"Apr 01, 2021","1,426.56","1,399.34","1,426.56","1,399.34","3.17B","2.50%"
"Mar 31, 2021","1,391.73","1,397.47","1,403.75","1,389.86","2.34B","-0.29%"
"Mar 30, 2021","1,395.79","1,392.84","1,400.77","1,371.43","3.35B","0.23%"
"Mar 29, 2021","1,392.57","1,385.74","1,398.89","1,382.47","2.67B","0.75%"
"Mar 26, 2021","1,382.15","1,409.20","1,412.35","1,359.15","2.95B","-0.88%"
"Mar 25, 2021","1,394.36","1,416.99","1,432.62","1,394.19","3.51B","-1.38%"
"Mar 24, 2021","1,413.86","1,377.37","1,421.93","1,371.72","4.12B","2.64%"
"Mar 23, 2021","1,377.43","1,335.76","1,402.99","1,256.32","5.74B","-0.13%"
"Mar 22, 2021","1,379.25","1,491.99","1,491.99","1,378.56","1.96B","-9.79%"
"Mar 19, 2021","1,528.99","1,548.53","1,553.93","1,511.29","3.19B","-1.41%"
"Mar 18, 2021","1,550.93","1,567.79","1,574.56","1,548.24","3.57B","-0.72%"
"Mar 17, 2021","1,562.11","1,574.78","1,589.47","1,562.11","2.85B","-0.53%"
"Mar 16, 2021","1,570.42","1,561.41","1,572.91","1,557.54","2.17B","0.96%"
"Mar 15, 2021","1,555.47","1,558.78","1,566.39","1,553.49","2.09B","-0.12%"
"Mar 12, 2021","1,557.39","1,558.33","1,561.65","1,549.31","2.62B","0.06%"
"Mar 11, 2021","1,556.49","1,574.58","1,580.03","1,551.88","3.10B","-0.54%"
"Mar 10, 2021","1,564.94","1,551.30","1,565.97","1,551.30","3.00B","1.02%"
"Mar 09, 2021","1,549.15","1,542.04","1,553.23","1,534.99","3.05B","1.23%"
"Mar 08, 2021","1,530.27","1,549.62","1,553.81","1,526.58","3.56B","-0.76%"
"Mar 05, 2021","1,541.98","1,534.40","1,546.08","1,528.47","3.40B","0.26%"
"Mar 04, 2021","1,538.04","1,527.07","1,542.65","1,523.20","3.30B","0.46%"
"Mar 03, 2021","1,531.05","1,538.80","1,553.96","1,526.54","4.18B","0.15%"
"Mar 02, 2021","1,528.82","1,526.36","1,537.46","1,518.51","4.70B","0.09%"
"Mar 01, 2021","1,527.45","1,491.88","1,527.45","1,491.13","3.24B","3.81%"
"Feb 26, 2021","1,471.39","1,457.18","1,480.04","1,443.17","3.71B","-1.13%"
"Feb 25, 2021","1,488.21","1,510.32","1,514.81","1,460.36","4.43B","0.35%"
"Feb 24, 2021","1,483.02","1,506.53","1,523.19","1,483.02","4.25B","-2.30%"
"Feb 23, 2021","1,517.86","1,558.03","1,560.29","1,515.25","5.10B","-2.11%"
"Feb 22, 2021","1,550.61","1,563.08","1,569.84","1,547.49","4.05B","-0.62%"
"Feb 19, 2021","1,560.34","1,551.54","1,567.42","1,550.14","4.24B","0.90%"
"Feb 18, 2021","1,546.41","1,548.04","1,562.83","1,544.22","4.68B","0.38%"
"Feb 17, 2021","1,540.59","1,550.49","1,553.41","1,529.93","5.05B","-0.14%"
"Feb 16, 2021","1,542.82","1,569.12","1,575.70","1,522.08","5.63B","-1.26%"
"Feb 15, 2021","1,562.49","1,551.12","1,565.83","1,547.38","2.96B","1.56%"
"Feb 12, 2021","1,538.44","1,542.50","1,548.69","1,526.72","3.02B","-0.46%"
"Feb 11, 2021","1,545.59","1,548.69","1,558.08","1,543.67","3.34B","-0.10%"
"Feb 10, 2021","1,547.11","1,553.41","1,556.70","1,536.44","3.95B","0.20%"
"Feb 09, 2021","1,544.05","1,538.53","1,551.83","1,535.59","5.43B","0.60%"
"Feb 08, 2021","1,534.91","1,540.22","1,542.44","1,519.00","6.52B","0.51%"
"Feb 05, 2021","1,527.17","1,544.79","1,549.51","1,527.17","3.82B","-0.50%"
"Feb 04, 2021","1,534.90","1,537.65","1,544.63","1,530.82","4.22B","0.09%"
"Feb 03, 2021","1,533.55","1,520.70","1,533.55","1,509.18","5.13B","1.46%"
"Feb 02, 2021","1,511.43","1,505.09","1,517.53","1,500.04","4.77B","1.27%"
"Feb 01, 2021","1,492.45","1,484.86","1,500.88","1,471.54","3.82B","1.29%"
"Jan 29, 2021","1,473.45","1,485.21","1,495.54","1,469.55","4.51B","-1.66%"
"Jan 28, 2021","1,498.32","1,453.37","1,498.43","1,431.32","5.83B","2.13%"
"Jan 27, 2021","1,467.00","1,536.13","1,541.01","1,467.00","5.79B","-4.50%"
"Jan 26, 2021","1,536.11","1,538.03","1,548.61","1,516.81","5.30B","-0.27%"
"Jan 25, 2021","1,540.21","1,556.57","1,560.13","1,536.97","4.81B","-0.15%"
"Jan 22, 2021","1,542.45","1,551.47","1,555.59","1,525.93","4.69B","-0.59%"
"Jan 21, 2021","1,551.57","1,578.03","1,582.04","1,551.57","5.61B","-1.13%"
"Jan 20, 2021","1,569.35","1,573.37","1,574.30","1,552.10","4.56B","0.28%"
"Jan 19, 2021","1,565.01","1,569.56","1,578.30","1,561.02","4.84B","0.53%"
"Jan 18, 2021","1,556.77","1,525.45","1,558.81","1,508.90","4.68B","2.12%"
"Jan 15, 2021","1,524.49","1,536.82","1,547.84","1,516.14","4.76B","-1.43%"
"Jan 14, 2021","1,546.60","1,567.11","1,568.06","1,542.17","4.81B","-0.81%"
"Jan 13, 2021","1,559.28","1,559.77","1,567.88","1,545.26","4.88B","0.63%"
"Jan 12, 2021","1,549.53","1,549.04","1,556.35","1,537.38","5.17B","0.87%"
"Jan 11, 2021","1,536.19","1,539.96","1,557.45","1,522.25","5.41B","-0.29%"
"Jan 08, 2021","1,540.61","1,526.51","1,542.75","1,519.80","5.50B","1.21%"
"Jan 07, 2021","1,522.24","1,511.60","1,522.70","1,505.70","6.18B","1.12%"
"Jan 06, 2021","1,505.42","1,501.61","1,509.49","1,497.09","5.33B","1.06%"
"Jan 05, 2021","1,489.56","1,492.19","1,506.89","1,474.76","6.66B","-0.39%"
"Jan 04, 2021","1,495.43","1,482.17","1,500.01","1,478.70","5.17B","1.27%"
"Dec 31, 2020","1,476.72","1,480.81","1,484.37","1,470.28","3.42B","-0.22%"
"Dec 30, 2020","1,479.91","1,463.07","1,483.16","1,463.07","4.19B","1.39%"
"Dec 29, 2020","1,459.69","1,442.97","1,459.69","1,436.21","3.42B","1.42%"
"Dec 28, 2020","1,439.29","1,431.67","1,442.79","1,431.67","2.98B","0.93%"
"Dec 25, 2020","1,426.03","1,429.07","1,438.49","1,422.71","2.63B","0.00%"
"Dec 24, 2020","1,426.00","1,420.15","1,432.28","1,415.35","5.26B","0.59%"
"Dec 23, 2020","1,417.66","1,409.15","1,420.77","1,409.15","5.13B","0.90%"
"Dec 22, 2020","1,404.97","1,393.57","1,410.82","1,391.69","4.51B","1.48%"
"Dec 21, 2020","1,384.43","1,401.65","1,401.65","1,368.58","5.00B","-1.70%"
"Dec 18, 2020","1,408.32","1,398.26","1,410.32","1,396.03","4.46B","0.64%"
"Dec 17, 2020","1,399.36","1,403.10","1,406.10","1,392.47","4.45B","0.50%"
"Dec 16, 2020","1,392.45","1,404.25","1,409.78","1,384.98","5.02B","-0.21%"
"Dec 15, 2020","1,395.40","1,392.74","1,399.86","1,385.19","5.28B","0.49%"
"Dec 14, 2020","1,388.55","1,378.19","1,394.58","1,378.19","4.63B","1.30%"
"Dec 11, 2020","1,370.70","1,351.84","1,371.00","1,342.58","5.15B","1.28%"
"Dec 10, 2020","1,353.36","1,353.39","1,366.78","1,346.52","5.90B","0.23%"
"Dec 09, 2020","1,350.32","1,342.42","1,360.63","1,342.42","5.51B","0.78%"
"Dec 08, 2020","1,339.89","1,331.63","1,348.30","1,331.63","5.31B","0.75%"
"Dec 07, 2020","1,329.90","1,329.96","1,336.68","1,326.13","4.88B","-0.07%"
"Dec 04, 2020","1,330.87","1,331.62","1,337.88","1,326.20","5.30B","0.00%"
"Dec 03, 2020","1,330.85","1,327.62","1,335.77","1,315.52","5.74B","0.40%"
"Dec 02, 2020","1,325.49","1,326.76","1,338.95","1,318.39","4.57B","0.02%"
"Dec 01, 2020","1,325.29","1,302.25","1,325.29","1,287.62","4.61B","3.25%"
"Nov 30, 2020","1,283.58","1,314.43","1,316.52","1,283.58","5.12B","-3.40%"
"Nov 27, 2020","1,328.73","1,348.47","1,351.65","1,324.72","5.61B","-1.02%"
"Nov 26, 2020","1,342.49","1,334.67","1,343.93","1,326.06","4.25B","1.28%"
"Nov 25, 2020","1,325.47","1,330.07","1,341.91","1,323.42","5.58B","0.34%"
"Nov 24, 2020","1,320.98","1,323.16","1,334.26","1,308.69","6.99B","0.51%"
"Nov 23, 2020","1,314.25","1,329.29","1,336.14","1,299.27","5.84B","-0.73%"
"Nov 20, 2020","1,323.95","1,315.69","1,328.33","1,315.59","4.81B","0.83%"
"Nov 19, 2020","1,313.02","1,293.73","1,325.70","1,277.69","9.46B","1.41%"
"Nov 18, 2020","1,294.72","1,264.06","1,294.72","1,264.06","6.31B","2.78%"
"Nov 17, 2020","1,259.72","1,291.65","1,293.01","1,259.69","4.56B","-2.57%"
"Nov 16, 2020","1,292.99","1,304.70","1,309.98","1,291.48","4.34B","0.13%"
"Nov 13, 2020","1,291.29","1,277.06","1,292.83","1,272.76","5.39B","1.54%"
"Nov 12, 2020","1,271.75","1,284.52","1,303.81","1,262.58","8.86B","-0.58%"
"Nov 11, 2020","1,279.22","1,249.87","1,284.62","1,248.43","8.66B","2.91%"
"Nov 10, 2020","1,243.00","1,226.73","1,244.37","1,218.83","5.13B","0.93%"
"Nov 09, 2020","1,231.54","1,214.42","1,235.30","1,211.16","5.96B","3.32%"
"Nov 06, 2020","1,191.96","1,180.49","1,192.24","1,177.05","4.68B","1.01%"
"Nov 05, 2020","1,180.02","1,172.77","1,184.61","1,165.83","4.97B","1.06%"
"Nov 04, 2020","1,167.65","1,155.48","1,170.94","1,154.00","4.69B","1.47%"
"Nov 03, 2020","1,150.71","1,138.60","1,155.96","1,122.64","4.44B","1.51%"
"Nov 02, 2020","1,133.59","1,119.72","1,143.45","1,117.68","5.57B","1.91%"
"Oct 30, 2020","1,112.37","1,120.85","1,120.85","1,095.72","6.60B","-1.30%"
"Oct 28, 2020","1,126.99","1,150.10","1,152.61","1,126.99","2.52B","-2.22%"
"Oct 27, 2020","1,152.63","1,143.89","1,157.87","1,133.73","5.15B","0.71%"
"Oct 26, 2020","1,144.45","1,183.61","1,183.61","1,141.58","5.59B","-3.88%"
"Oct 23, 2020","1,190.63","1,200.38","1,204.55","1,179.46","4.40B","-0.64%"
"Oct 22, 2020","1,198.32","1,213.64","1,216.03","1,196.58","5.67B","-1.09%"
"Oct 21, 2020","1,211.51","1,220.88","1,222.95","1,209.31","4.13B","0.09%"
"Oct 20, 2020","1,210.41","1,208.24","1,213.65","1,202.35","4.24B","0.42%"
"Oct 19, 2020","1,205.37","1,195.46","1,209.47","1,195.46","4.24B","1.06%"
"Oct 16, 2020","1,192.73","1,184.97","1,193.83","1,183.08","3.95B","1.04%"
"Oct 15, 2020","1,180.43","1,188.41","1,191.52","1,175.20","4.41B","-0.74%"
"Oct 14, 2020","1,189.29","1,177.08","1,189.66","1,172.59","5.86B","1.24%"
"Oct 13, 2020","1,174.70","1,180.98","1,181.57","1,170.79","3.91B","-0.31%"
"Oct 12, 2020","1,178.35","1,169.16","1,181.57","1,169.12","4.25B","1.09%"
"Oct 09, 2020","1,165.70","1,152.78","1,166.50","1,150.97","3.66B","1.32%"
"Oct 08, 2020","1,150.49","1,156.74","1,159.41","1,143.33","3.16B","-0.17%"
"Oct 07, 2020","1,152.41","1,150.10","1,156.88","1,147.43","3.25B","-0.11%"
"Oct 06, 2020","1,153.71","1,165.12","1,170.48","1,153.71","3.71B","-0.60%"
"Oct 05, 2020","1,160.71","1,150.79","1,161.03","1,150.79","2.54B","1.37%"
"Oct 02, 2020","1,145.03","1,138.91","1,150.35","1,137.55","3.45B","0.13%"
"Oct 01, 2020","1,143.51","1,150.07","1,155.38","1,142.77","3.51B","-0.15%"
"Sep 30, 2020","1,145.24","1,128.96","1,146.73","1,128.96","4.31B","1.96%"
"Sep 29, 2020","1,123.25","1,123.65","1,132.27","1,112.39","3.80B","0.19%"
"Sep 28, 2020","1,121.17","1,124.68","1,130.68","1,116.34","3.34B","-0.27%"
"Sep 25, 2020","1,124.17","1,129.03","1,135.07","1,123.76","3.99B","0.41%"
"Sep 24, 2020","1,119.56","1,098.88","1,120.73","1,097.01","4.09B","1.53%"
"Sep 23, 2020","1,102.65","1,101.04","1,109.81","1,098.82","2.99B","0.59%"
"Sep 22, 2020","1,096.16","1,088.67","1,097.51","1,084.93","2.92B","0.84%"
"Sep 21, 2020","1,087.03","1,111.82","1,115.14","1,085.73","3.29B","-2.24%"
"Sep 18, 2020","1,111.96","1,112.68","1,115.82","1,109.57","2.69B","0.12%"
"Sep 17, 2020","1,110.66","1,105.74","1,110.66","1,100.27","2.66B","0.32%"
"Sep 16, 2020","1,107.11","1,113.54","1,116.57","1,104.69","2.15B","-0.37%"
"Sep 15, 2020","1,111.24","1,110.55","1,118.70","1,096.65","3.42B","0.36%"
"Sep 14, 2020","1,107.29","1,105.31","1,110.34","1,103.41","3.09B","0.42%"
"Sep 11, 2020","1,102.70","1,100.75","1,104.76","1,096.79","2.84B","0.33%"
"Sep 10, 2020","1,099.06","1,101.01","1,105.98","1,093.58","4.10B","-0.06%"
"Sep 09, 2020","1,099.68","1,089.39","1,099.81","1,087.49","3.33B","0.93%"
"Sep 08, 2020","1,089.60","1,101.56","1,102.80","1,085.23","2.39B","-0.66%"
"Sep 07, 2020","1,096.81","1,089.54","1,097.77","1,089.54","2.27B","0.97%"
"Sep 04, 2020","1,086.32","1,075.57","1,090.03","1,072.80","2.59B","0.93%"
"Sep 03, 2020","1,076.34","1,085.88","1,091.11","1,074.34","2.35B","-0.70%"
"Sep 02, 2020","1,083.91","1,086.09","1,091.30","1,079.83","2.61B","-0.12%"
"Sep 01, 2020","1,085.19","1,081.66","1,086.29","1,064.42","2.79B","0.61%"
"Aug 31, 2020","1,078.61","1,101.78","1,102.38","1,076.07","2.92B","-1.99%"
"Aug 28, 2020","1,100.55","1,112.88","1,113.55","1,094.84","2.91B","-0.76%"
"Aug 27, 2020","1,108.93","1,107.55","1,111.60","1,102.01","2.90B","0.90%"
"Aug 26, 2020","1,099.02","1,090.10","1,104.65","1,085.99","3.17B","0.63%"
"Aug 25, 2020","1,092.16","1,114.05","1,118.24","1,083.14","3.13B","-1.47%"
"Aug 24, 2020","1,108.44","1,111.21","1,118.11","1,106.23","3.09B","-0.13%"
"Aug 21, 2020","1,109.88","1,132.90","1,141.32","1,106.71","5.66B","-1.50%"
"Aug 20, 2020","1,126.80","1,124.97","1,131.70","1,113.93","4.22B","0.19%"
"Aug 19, 2020","1,124.71","1,099.41","1,125.80","1,099.41","4.00B","2.95%"
"Aug 18, 2020","1,092.46","1,087.75","1,100.59","1,084.47","2.63B","0.58%"
"Aug 17, 2020","1,086.20","1,085.52","1,090.16","1,077.29","2.79B","0.22%"
"Aug 14, 2020","1,083.83","1,093.52","1,096.18","1,077.32","3.14B","-1.49%"
"Aug 13, 2020","1,100.26","1,119.48","1,125.92","1,095.84","3.87B","-1.25%"
"Aug 12, 2020","1,114.18","1,114.90","1,119.29","1,096.46","4.62B","0.37%"
"Aug 11, 2020","1,110.05","1,082.24","1,112.44","1,082.24","4.70B","3.21%"
"Aug 10, 2020","1,075.52","1,055.58","1,078.94","1,039.00","3.80B","1.41%"
"Aug 07, 2020","1,060.59","1,030.33","1,062.07","985.38","6.04B","2.53%"
"Aug 06, 2020","1,034.40","1,090.61","1,093.68","1,033.82","5.07B","-5.26%"
"Aug 05, 2020","1,091.80","1,095.29","1,100.56","1,066.13","4.57B","0.43%"
"Aug 04, 2020","1,087.16","1,140.39","1,143.26","1,064.91","4.29B","-3.53%"
"Jul 30, 2020","1,126.90","1,137.17","1,137.17","1,124.60","1.40B","-0.76%"
"Jul 29, 2020","1,135.55","1,156.04","1,159.74","1,120.96","4.35B","-1.49%"
"Jul 28, 2020","1,152.70","1,197.10","1,198.16","1,152.70","4.09B","-3.59%"
"Jul 27, 2020","1,195.67","1,199.57","1,203.42","1,194.35","2.73B","0.31%"
"Jul 24, 2020","1,192.02","1,185.01","1,192.02","1,182.21","3.17B","0.14%"
"Jul 23, 2020","1,190.31","1,187.14","1,196.72","1,185.85","3.51B","0.81%"
"Jul 22, 2020","1,180.80","1,188.16","1,193.72","1,175.36","5.16B","0.03%"
"Jul 21, 2020","1,180.42","1,201.71","1,205.86","1,171.60","4.74B","-1.04%"
"Jul 20, 2020","1,192.81","1,188.44","1,197.47","1,185.83","3.55B","0.42%"
"Jul 17, 2020","1,187.86","1,188.65","1,191.61","1,183.61","2.83B","-0.02%"
"Jul 16, 2020","1,188.08","1,187.35","1,194.51","1,186.85","3.86B","0.91%"
"Jul 14, 2020","1,177.41","1,181.14","1,186.58","1,170.02","5.17B","-0.56%"
"Jul 13, 2020","1,183.99","1,162.62","1,183.99","1,161.26","4.46B","3.13%"
"Jul 10, 2020","1,148.09","1,154.51","1,154.51","1,128.29","5.03B","-0.85%"
"Jul 09, 2020","1,157.94","1,193.49","1,196.86","1,156.34","5.27B","-2.46%"
"Jul 08, 2020","1,187.13","1,196.03","1,202.03","1,185.77","5.92B","-0.52%"
"Jul 07, 2020","1,193.39","1,187.92","1,197.45","1,170.75","7.67B","0.72%"
"Jul 06, 2020","1,184.85","1,166.74","1,185.12","1,166.74","4.54B","2.36%"
"Jul 03, 2020","1,157.48","1,173.16","1,173.91","1,153.12","4.56B","-0.99%"
"Jul 02, 2020","1,169.08","1,158.44","1,171.78","1,157.46","4.35B","1.38%"
"Jul 01, 2020","1,153.15","1,171.68","1,173.58","1,151.23","5.28B","-1.04%"
"Jun 30, 2020","1,165.25","1,164.26","1,169.71","1,161.47","5.39B","0.59%"
"Jun 29, 2020","1,158.43","1,147.76","1,160.15","1,144.32","3.74B","1.02%"
"Jun 26, 2020","1,146.68","1,151.17","1,153.55","1,143.89","3.09B","0.46%"
"Jun 25, 2020","1,141.39","1,143.92","1,149.75","1,134.20","3.64B","-0.27%"
"Jun 24, 2020","1,144.49","1,153.69","1,156.27","1,143.33","4.25B","-0.77%"
"Jun 23, 2020","1,153.39","1,156.17","1,162.79","1,150.60","4.70B","0.13%"
"Jun 22, 2020","1,151.90","1,147.01","1,154.47","1,142.67","4.31B","1.39%"
"Jun 19, 2020","1,136.12","1,135.61","1,143.38","1,128.58","4.89B","0.99%"
"Jun 18, 2020","1,124.95","1,111.17","1,126.76","1,111.17","4.05B","1.40%"
"Jun 17, 2020","1,109.40","1,112.81","1,116.15","1,104.14","3.20B","0.00%"
"Jun 16, 2020","1,109.40","1,108.15","1,118.75","1,107.06","3.73B","1.26%"
"Jun 15, 2020","1,095.56","1,093.93","1,100.67","1,087.16","2.98B","-0.25%"
"Jun 12, 2020","1,098.35","1,084.85","1,101.27","1,078.33","2.88B","0.62%"
"Jun 11, 2020","1,091.55","1,093.74","1,101.58","1,087.45","3.45B","-0.57%"
"Jun 10, 2020","1,097.79","1,096.00","1,104.10","1,093.92","3.51B","0.50%"
"Jun 09, 2020","1,092.37","1,099.45","1,103.30","1,084.56","2.84B","-0.36%"
"Jun 08, 2020","1,096.37","1,103.32","1,110.43","1,092.48","2.52B","-0.35%"
"Jun 05, 2020","1,100.22","1,101.43","1,106.02","1,095.46","2.00B","0.44%"
"Jun 04, 2020","1,095.37","1,093.84","1,098.53","1,087.79","2.92B","0.39%"
"Jun 03, 2020","1,091.11","1,089.26","1,092.31","1,083.27","2.90B","0.94%"
"Jun 02, 2020","1,080.97","1,077.88","1,084.84","1,070.99","3.03B","0.77%"
"Jun 01, 2020","1,072.66","1,064.81","1,073.72","1,063.57","2.84B","1.65%"
"May 29, 2020","1,055.20","1,051.83","1,056.69","1,046.71","2.85B","0.15%"
"May 28, 2020","1,053.60","1,055.56","1,062.92","1,045.35","2.68B","0.39%"
"May 27, 2020","1,049.54","1,037.98","1,054.95","1,037.98","2.55B","1.87%"
"May 22, 2020","1,030.24","1,024.54","1,033.07","1,020.14","1.57B","0.37%"
"May 21, 2020","1,026.49","1,022.24","1,032.27","1,021.49","2.06B","0.48%"
"May 20, 2020","1,021.58","1,024.92","1,029.98","1,019.68","2.07B","0.17%"
"May 18, 2020","1,019.83","1,008.97","1,022.25","1,008.97","2.42B","2.22%"
"May 15, 2020","997.68","996.78","1,008.13","996.78","1.88B","0.58%"
"May 14, 2020","991.93","1,000.08","1,003.81","984.94","2.33B","-0.96%"
"May 13, 2020","1,001.59","997.05","1,008.65","994.43","2.39B","0.55%"
"May 12, 2020","996.16","979.26","997.08","977.40","2.54B","1.87%"
"May 11, 2020","977.92","984.20","986.41","977.92","2.09B","-0.05%"
"May 08, 2020","978.45","989.03","995.14","976.72","2.60B","-0.56%"
"May 07, 2020","983.99","985.80","992.73","978.00","2.39B","-0.17%"
"May 06, 2020","985.71","988.86","992.80","980.69","2.28B","-0.17%"
"May 05, 2020","987.38","996.34","997.91","978.80","2.04B","-0.11%"
"May 04, 2020","988.42","1,002.54","1,002.54","983.06","1.70B","-2.24%"
"Apr 30, 2020","1,011.10","1,019.96","1,023.28","993.60","2.32B","-0.48%"
"Apr 29, 2020","1,015.95","1,012.12","1,017.43","1,005.79","2.14B","0.88%"
"Apr 28, 2020","1,007.07","1,015.43","1,019.18","1,006.21","2.48B","-0.55%"
"Apr 27, 2020","1,012.67","1,000.86","1,013.61","1,000.86","2.56B","2.54%"
"Apr 24, 2020","987.59","984.49","994.97","979.29","2.24B","0.60%"
"Apr 22, 2020","981.71","981.29","989.62","978.97","2.29B","0.57%"
"Apr 21, 2020","976.19","983.68","985.03","972.76","2.23B","-1.34%"
"Apr 20, 2020","989.46","986.62","992.67","980.68","2.21B","0.78%"
"Apr 17, 2020","981.80","982.87","987.59","976.01","2.33B","2.01%"
"Apr 16, 2020","962.49","967.06","970.65","953.30","2.09B","0.41%"
"Apr 15, 2020","958.55","989.45","990.44","946.02","2.44B","-2.73%"
"Apr 14, 2020","985.50","974.91","986.30","972.73","2.40B","2.23%"
"Apr 13, 2020","963.99","954.63","973.12","950.19","1.99B","-0.07%"
"Apr 10, 2020","964.71","962.01","974.83","953.52","2.23B","0.66%"
"Apr 09, 2020","958.34","942.75","958.34","936.29","2.85B","2.80%"
"Apr 08, 2020","932.25","924.82","932.75","918.03","1.69B","0.91%"
"Apr 07, 2020","923.82","931.74","947.79","923.82","2.82B","0.34%"
"Apr 06, 2020","920.71","909.89","921.58","906.31","1.79B","2.81%"
"Apr 03, 2020","895.53","896.14","899.69","890.43","1.57B","0.05%"
"Apr 02, 2020","895.11","897.48","904.09","880.82","2.38B","0.48%"
"Apr 01, 2020","890.85","882.86","903.99","878.89","2.54B","-0.62%"
"Mar 31, 2020","896.44","892.79","902.69","886.42","1.93B","1.80%"
"Mar 30, 2020","880.59","879.37","888.12","868.15","1.43B","-0.07%"
"Mar 27, 2020","881.25","918.34","922.99","881.25","2.11B","-3.72%"
"Mar 26, 2020","915.28","889.60","918.07","884.81","2.39B","2.77%"
"Mar 25, 2020","890.63","905.19","919.59","881.23","2.64B","-0.25%"
"Mar 24, 2020","892.86","875.71","896.38","870.50","1.94B","5.98%"
"Mar 23, 2020","842.46","830.44","865.87","825.28","1.79B","-1.81%"
"Mar 20, 2020","857.96","872.17","880.93","850.05","1.61B","0.71%"
"Mar 19, 2020","851.95","849.40","868.79","840.72","1.77B","-0.45%"
"Mar 18, 2020","855.77","847.77","878.25","843.03","1.67B","-1.38%"
"Mar 17, 2020","867.78","889.23","889.49","819.36","2.07B","-1.26%"
"Mar 16, 2020","878.88","922.64","922.64","868.53","1.39B","-8.07%"
"Mar 13, 2020","956.05","936.58","988.56","916.44","2.26B","2.10%"
"Mar 12, 2020","936.39","984.48","990.27","928.54","1.74B","-7.26%"
"Mar 11, 2020","1,009.66","1,004.16","1,028.39","988.06","1.86B","-0.10%"
"Mar 10, 2020","1,010.63","1,060.21","1,068.57","1,010.22","1.82B","-2.38%"
"Mar 09, 2020","1,035.24","1,065.40","1,065.85","1,019.95","1.59B","-5.54%"
"Mar 06, 2020","1,096.01","1,116.54","1,123.45","1,087.75","1.50B","-1.98%"
"Mar 05, 2020","1,118.15","1,125.05","1,131.07","1,114.03","1.56B","0.93%"
"Mar 04, 2020","1,107.85","1,109.59","1,128.99","1,106.78","2.19B","-0.38%"
"Mar 03, 2020","1,112.07","1,089.97","1,112.07","1,088.81","1.84B","3.63%"
"Mar 02, 2020","1,073.10","1,083.79","1,094.05","1,064.25","1.70B","1.24%"
"Feb 28, 2020","1,059.94","993.32","1,077.60","993.32","1.79B","-4.01%"
"Feb 27, 2020","1,104.18","1,139.76","1,144.64","1,104.18","2.54B","-4.13%"
"Feb 26, 2020","1,151.71","1,142.82","1,153.53","1,131.47","2.28B","0.70%"
"Feb 25, 2020","1,143.65","1,156.26","1,159.92","1,138.50","2.51B","-0.37%"
"Feb 24, 2020","1,147.89","1,149.84","1,149.84","1,134.63","1.97B","-1.75%"
"Feb 21, 2020","1,168.29","1,150.89","1,174.15","1,144.53","2.60B","1.03%"
"Feb 20, 2020","1,156.42","1,192.89","1,193.50","1,149.21","2.65B","-2.98%"
"Feb 19, 2020","1,191.96","1,200.36","1,204.65","1,185.71","2.08B","-0.32%"
"Feb 18, 2020","1,195.74","1,204.51","1,204.51","1,191.45","2.57B","-1.01%"
"Feb 17, 2020","1,207.92","1,209.82","1,212.42","1,205.61","2.56B","0.53%"
"Feb 14, 2020","1,201.51","1,210.82","1,215.81","1,200.49","2.31B","-0.32%"
"Feb 13, 2020","1,205.41","1,200.00","1,208.12","1,194.72","2.21B","0.41%"
"Feb 12, 2020","1,200.49","1,199.40","1,213.70","1,192.29","3.00B","0.21%"
"Feb 11, 2020","1,197.98","1,195.05","1,200.78","1,174.51","2.69B","1.23%"
"Feb 10, 2020","1,183.42","1,204.59","1,211.90","1,166.48","2.79B","-2.21%"
"Feb 07, 2020","1,210.15","1,224.76","1,228.12","1,209.13","2.14B","-1.04%"
"Feb 06, 2020","1,222.84","1,227.12","1,238.45","1,219.92","2.66B","-0.03%"
"Feb 05, 2020","1,223.21","1,224.17","1,236.29","1,219.06","2.82B","0.15%"
"Feb 04, 2020","1,221.36","1,204.76","1,222.20","1,201.59","2.36B","2.43%"
"Feb 03, 2020","1,192.43","1,194.37","1,197.84","1,187.62","2.38B","0.09%"
"Jan 31, 2020","1,191.40","1,200.96","1,203.18","1,191.40","2.69B","-0.59%"
"Jan 30, 2020","1,198.50","1,192.31","1,198.72","1,182.56","2.10B","0.13%"
"Jan 29, 2020","1,196.89","1,205.86","1,207.41","1,195.06","2.25B","-0.09%"
"Jan 28, 2020","1,198.02","1,208.16","1,211.09","1,194.03","2.31B","-0.29%"
"Jan 27, 2020","1,201.50","1,207.12","1,216.74","1,200.00","2.36B","-1.63%"
"Jan 24, 2020","1,221.42","1,236.94","1,239.36","1,207.61","2.37B","-0.32%"
"Jan 23, 2020","1,225.40","1,223.92","1,234.57","1,221.88","2.16B","-0.17%"
"Jan 22, 2020","1,227.47","1,242.16","1,245.37","1,223.69","2.61B","-0.65%"
"Jan 21, 2020","1,235.56","1,218.87","1,238.04","1,215.04","2.80B","0.76%"
"Jan 20, 2020","1,226.20","1,218.79","1,229.26","1,218.79","2.28B","0.94%"
"Jan 17, 2020","1,214.75","1,216.19","1,218.74","1,205.97","2.09B","0.39%"
"Jan 16, 2020","1,210.01","1,213.78","1,224.82","1,207.63","3.21B","0.05%"
"Jan 15, 2020","1,209.39","1,212.33","1,218.04","1,204.42","3.38B","-0.40%"
"Jan 14, 2020","1,214.23","1,203.93","1,215.04","1,195.75","2.57B","0.98%"
"Jan 13, 2020","1,202.49","1,195.95","1,209.00","1,195.95","2.88B","1.34%"
"Jan 10, 2020","1,186.64","1,182.51","1,191.40","1,177.01","3.28B","0.57%"
"Jan 09, 2020","1,179.90","1,152.36","1,181.45","1,152.36","3.43B","4.53%"
"Jan 08, 2020","1,128.76","1,109.61","1,133.42","1,107.46","2.33B","0.25%"
"Jan 07, 2020","1,126.00","1,125.94","1,133.87","1,123.48","1.78B","1.07%"
"Jan 06, 2020","1,114.13","1,125.32","1,129.73","1,112.12","2.04B","-2.00%"
"Jan 03, 2020","1,136.84","1,151.43","1,155.71","1,126.17","2.93B","-1.94%"
"Jan 02, 2020","1,159.32","1,149.03","1,159.32","1,145.66","2.41B","1.32%"